{
  "method": "kmeans_k6_os + per_regime_sensor_zscore",
  "fit_split": "train_only",
  "k": 6,
  "random_state": 42,
  "os_features_for_clustering": [
    "os1",
    "os2",
    "os3"
  ],
  "sensor_features_scaled": [
    "s1",
    "s2",
    "s3",
    "s4",
    "s5",
    "s6",
    "s7",
    "s8",
    "s9",
    "s10",
    "s11",
    "s12",
    "s13",
    "s14",
    "s15",
    "s16",
    "s17",
    "s18",
    "s19",
    "s20",
    "s21"
  ],
  "os_features_unchanged": true,
  "centroids": [
    [
      1.2208659214612305,
      0.8658548086679262,
      0.4181830856615441
    ],
    [
      -1.62719813949285,
      -1.8436533596594933,
      0.41818308566153706
    ],
    [
      -0.27092334691424946,
      0.4143619901412143,
      0.4181830856615373
    ],
    [
      0.06812266681117402,
      0.15626781758564007,
      -2.3912526181723015
    ],
    [
      -0.9490119523753582,
      -1.0372410964671426,
      0.4181830856615371
    ],
    [
      0.746210137277676,
      0.8659044875947443,
      0.418183085661537
    ]
  ],
  "regime_params": {
    "0": {
      "mean": {
        "s1": -1.0576171499909748,
        "s2": -0.8036471245927138,
        "s3": -0.6183128078127489,
        "s4": -0.651757012107849,
        "s5": -1.1406114918272654,
        "s6": -1.0834170149145028,
        "s7": -0.9861039207952444,
        "s8": -0.11643592940486867,
        "s9": -0.587563929688069,
        "s10": -0.5861598726525278,
        "s11": -0.2587538516298724,
        "s12": -0.9844545648384251,
        "s13": 0.41770702103128526,
        "s14": 0.26922711174897185,
        "s15": 0.06058882849415191,
        "s16": -0.7059266097815006,
        "s17": -0.6212685578439273,
        "s18": -0.11564433764704143,
        "s19": 0.4181830856615329,
        "s20": -1.0337961604655754,
        "s21": -1.0338707121675963
      },
      "std": {
        "s1": 2.220528549242883e-16,
        "s2": 0.01160785749482953,
        "s3": 0.05317314205807788,
        "s4": 0.06411024478596704,
        "s5": 4.441057098485766e-16,
        "s6": 0.0009074664788189871,
        "s7": 0.003007597345969135,
        "s8": 0.00206410548391176,
        "s9": 0.05364431535120207,
        "s10": 0.012115611112867105,
        "s11": 0.07387553730067395,
        "s12": 0.002474745465867692,
        "s13": 0.0025245452727042385,
        "s14": 0.1942326422063092,
        "s15": 0.05006605208987591,
        "s16": 1.1102642746214415e-16,
        "s17": 0.050756587520884064,
        "s18": 2.7756606865536037e-17,
        "s19": 1.665396411932162e-16,
        "s20": 0.01093500851060305,
        "s21": 0.01087760889076422
      },
      "n": 13458
    },
    "1": {
      "mean": {
        "s1": 1.734001534236131,
        "s2": 1.689657731917665,
        "s3": 1.6088344654505176,
        "s4": 1.7076315257354553,
        "s5": 1.8229960561967926,
        "s6": 1.842682363977138,
        "s7": 1.854411640195088,
        "s8": 1.0964912205758286,
        "s9": 1.6009938165566082,
        "s10": 1.6085374252766445,
        "s11": 1.4096815718368236,
        "s12": 1.8548343996352195,
        "s13": 0.4180753075824455,
        "s14": 0.8848032621386885,
        "s15": -1.184259362553045,
        "s16": 1.4165515006907425,
        "s17": 1.6173592447369123,
        "s18": 1.0954094444761695,
        "s19": 0.41818308566153284,
        "s20": 1.826687902191819,
        "s21": 1.826633643508576
      },
      "std": {
        "s1": 4.441168161789893e-16,
        "s2": 0.013298817663204494,
        "s3": 0.05684341860049809,
        "s4": 0.07502099105020141,
        "s5": 6.661752242684839e-16,
        "s6": 0.00023736343635346246,
        "s7": 0.00594502931173923,
        "s8": 0.0004881288229118383,
        "s9": 0.05721232907376718,
        "s10": 6.661752242684839e-16,
        "s11": 0.08165447090561208,
        "s12": 0.005337037508603613,
        "s13": 0.0005521884657364856,
        "s14": 0.19497934118052546,
        "s15": 0.04929288549565518,
        "s16": 2.2205840808949465e-16,
        "s17": 0.05481505233358343,
        "s18": 2.2205840808949465e-16,
        "s19": 1.1102920404474732e-16,
        "s20": 0.017988091618090476,
        "s21": 0.017820387142532836
      },
      "n": 8044
    },
    "2": {
      "mean": {
        "s1": 0.6926864610372601,
        "s2": 0.7479994942910843,
        "s3": 0.6193374287038077,
        "s4": 0.4002274641689214,
        "s5": 0.3647129770103508,
        "s6": 0.37848894045810827,
        "s7": 0.3553975263116023,
        "s8": 0.6552044143950068,
        "s9": 0.609173727112663,
        "s10": -0.13517603446732868,
        "s11": 0.45261237722582204,
        "s12": 0.3545291617778533,
        "s13": 0.4185026453323108,
        "s14": -0.008102569801536038,
        "s15": -0.12940027562895115,
        "s16": -0.251221868064965,
        "s17": 0.61521521735541,
        "s18": 0.6550262509768199,
        "s19": 0.41818308566153284,
        "s20": 0.37134179404534284,
        "s21": 0.37141161759386504
      },
      "std": {
        "s1": 1.1102913775896433e-16,
        "s2": 0.012419248683331644,
        "s3": 0.05458648233913671,
        "s4": 0.06542569697125487,
        "s5": 5.551456887948217e-17,
        "s6": 0.000871688142509241,
        "s7": 0.004150723150431987,
        "s8": 0.00087042491249503,
        "s9": 0.051251023081218684,
        "s10": 0.03286000318983145,
        "s11": 0.07361606597834836,
        "s12": 0.0036132058601633806,
        "s13": 0.001011830937676629,
        "s14": 0.17828912285351387,
        "s15": 0.05199199051980215,
        "s16": 0.870883367366972,
        "s17": 0.05283063713019029,
        "s18": 1.1102913775896433e-16,
        "s19": 1.1102913775896433e-16,
        "s20": 0.013684952791675786,
        "s21": 0.013470350993602572
      },
      "n": 8122
    },
    "3": {
      "mean": {
        "s1": -0.3929640792519559,
        "s2": -1.1479758806486613,
        "s3": -1.48458385642015,
        "s4": -1.3021880248953308,
        "s5": -0.2717293535643766,
        "s6": -0.4736891279227983,
        "s7": -0.7340886255588296,
        "s8": -2.158693021593798,
        "s9": -1.5178203130463432,
        "s10": -1.2162996753609001,
        "s11": -1.913082737711278,
        "s12": -0.737303644605778,
        "s13": -2.3912484322500167,
        "s14": -2.21759271388849,
        "s15": 2.1142866493140464,
        "s16": -0.7059266097815005,
        "s17": -1.4758444664632244,
        "s18": -2.15929759497996,
        "s19": -2.391252618172303,
        "s20": -0.6612866169902072,
        "s21": -0.6611319325004857
      },
      "std": {
        "s1": 1.1102924027239354e-16,
        "s2": 0.009604014729212757,
        "s3": 0.049841676642290986,
        "s4": 0.05715833374297698,
        "s5": 1.6654386040859032e-16,
        "s6": 0.0007697417847914955,
        "s7": 0.0030665695820865334,
        "s8": 0.001806277504338347,
        "s9": 0.0419875031798699,
        "s10": 0.006933902121849339,
        "s11": 0.06449966567852741,
        "s12": 0.002497422102770261,
        "s13": 0.002166146368892659,
        "s14": 0.15370858023560063,
        "s15": 0.05766538839848382,
        "s16": 2.220584805447871e-16,
        "s17": 0.046579271487533234,
        "s18": 4.441169610895742e-16,
        "s19": 1.0,
        "s20": 0.01135679475430502,
        "s21": 0.01117532260818008
      },
      "n": 8002
    },
    "4": {
      "mean": {
        "s1": 0.6115942391797067,
        "s2": 0.6768942898697788,
        "s3": 0.7743641294298995,
        "s4": 0.8882476370095275,
        "s5": 0.6884684234331472,
        "s6": 0.7166203664960238,
        "s7": 0.7651648149982965,
        "s8": 0.6203385627285731,
        "s9": 0.7749442831685434,
        "s10": 1.2947061932717239,
        "s11": 0.7742827264074397,
        "s12": 0.7654886272213238,
        "s13": 0.4185635208656507,
        "s14": 0.8077731464919657,
        "s15": -0.8874904423993779,
        "s16": 1.416551500690743,
        "s17": 0.7706932356515857,