{
  "variant": "B",
  "cap": 125,
  "tau": 15,
  "train_csv": "/content/train_FD004_regimeaware_sensor_zscore_k6_onehot.csv",
  "test_csv": "/content/test_FD004_regimeaware_sensor_zscore_k6_onehot.csv",
  "scaler_json": "/content/fd004_regimeaware_sensor_scaler_k6.json",
  "label_col": "RUL",
  "n_train": 61249,
  "n_test": 41214,
  "n_features": 31,
  "feature_cols": [
    "cycle",
    "os1",
    "os2",
    "os3",
    "s1",
    "s2",
    "s3",
    "s4",
    "s5",
    "s6",
    "s7",
    "s8",
    "s9",
    "s10",
    "s11",
    "s12",
    "s13",
    "s14",
    "s15",
    "s16",
    "s17",
    "s18",
    "s19",
    "s20",
    "s21",
    "regime_0",
    "regime_1",
    "regime_2",
    "regime_3",
    "regime_4",
    "regime_5"
  ],
  "note": "engine_id feature olarak kullanılmadı; sadece GroupKFold/raporlama için.",
  "scaler_meta": {
    "dataset": "FD004",
    "variant": "regimeaware_sensor_zscore_k6_onehot",
    "method": "zscore_per_regime_sensors",
    "k": 6,
    "random_state": 42,
    "ddof": 1,
    "clustering_features": [
      "os1",
      "os2",
      "os3"
    ],
    "sensor_columns": [
      "s1",
      "s2",
      "s3",
      "s4",
      "s5",
      "s6",
      "s7",
      "s8",
      "s9",
      "s10",
      "s11",
      "s12",
      "s13",
      "s14",
      "s15",
      "s16",
      "s17",
      "s18",
      "s19",
      "s20",
      "s21"
    ],
    "centroids": [
      [
        1.218016529445538,
        0.8662532685862739,
        0.41877934831064567
      ],
      [
        -0.946965478619346,
        -1.0326358275758831,
        0.41877934831065133
      ],
      [
        0.06787417507471871,
        0.15821190234110685,
        -2.387853358186687
      ],
      [
        -0.27040963108495736,
        0.4156956508232923,
        0.41877934831065156
      ],
      [
        -1.623622693022812,
        -1.8372895274906709,
        0.41877934831065133
      ],
      [
        0.744429536378634,
        0.8662908449578282,
        0.41877934831065144
      ]
    ],
    "train_cluster_counts": {
      "0": 15395,
      "1": 9224,
      "2": 9139,
      "3": 9091,
      "4": 9238,
      "5": 9162
    },
    "test_cluster_counts": {
      "0": 10382,
      "1": 6185,
      "2": 6107,
      "3": 6254,
      "4": 6054,
      "5": 6232
    },
    "per_regime_scalers": {
      "0": {
        "mean": {
          "s1": -1.0546814325179652,
          "s2": -0.801821666285479,
          "s3": -0.615384415734797,
          "s4": -0.6488390113729599,
          "s5": -1.1376680404185104,
          "s6": -1.080347057643863,
          "s7": -0.9831162758246161,
          "s8": -0.11476475013104634,
          "s9": -0.5850192634379532,
          "s10": -0.578981816572057,
          "s11": -0.25811757284823633,
          "s12": -0.9814566708056928,
          "s13": 0.41858705278348995,
          "s14": 0.26725733769055027,
          "s15": 0.061667899364342686,
          "s16": -0.6942722837020073,
          "s17": -0.6191038665754162,
          "s18": -0.11420223401765334,
          "s19": 0.41877934831065466,
          "s20": -1.0307042546775909,
          "s21": -1.0307915403910577
        },
        "std": {
          "s1": 1.0,
          "s2": 0.012434673200715113,
          "s3": 0.062131629086450375,
          "s4": 0.07558547321721691,
          "s5": 4.441036337164403e-16,
          "s6": 0.001966178192848158,
          "s7": 0.007052403721925143,
          "s8": 0.0016432783571777988,
          "s9": 0.054997851712556396,
          "s10": 0.05484273462225432,
          "s11": 0.08871896965372936,
          "s12": 0.006901930590919081,
          "s13": 0.002011896537502315,
          "s14": 0.1960507805237545,
          "s15": 0.09617829519216649,
          "s16": 1.0,
          "s17": 0.05973769429111527,
          "s18": 4.163471566091627e-17,
          "s19": 5.551295421455503e-17,
          "s20": 0.011940110341108227,
          "s21": 0.011957446910999104
        },
        "std_floored_cols": [
          "s1",
          "s16"
        ]
      },
      "1": {
        "mean": {
          "s1": 0.6115545444353117,
          "s2": 0.6769878760555508,
          "s3": 0.7733705233227128,
          "s4": 0.884191756745404,
          "s5": 0.6868512320936281,
          "s6": 0.7150736275310225,
          "s7": 0.7630346900874345,
          "s8": 0.6209532430987695,
          "s9": 0.7752848974124029,
          "s10": 1.2862264440934361,
          "s11": 0.7709662671203682,
          "s12": 0.7633713376834567,
          "s13": 0.41900601890032674,
          "s14": 0.8069790125845594,
          "s15": -0.8850479768683696,
          "s16": 1.4394078899263685,
          "s17": 0.7705914844085554,
          "s18": 0.6213320180160704,
          "s19": 0.4187793483106547,
          "s20": 0.7822062498727975,
          "s21": 0.7818841373016482
        },
        "std": {
          "s1": 1.0,
          "s2": 0.013848985684627625,
          "s3": 0.06157875811276343,
          "s4": 0.07870781928759116,
          "s5": 2.220566421464602e-16,
          "s6": 0.002708622697563052,
          "s7": 0.016205252847892097,
          "s8": 0.0012462742821568447,
          "s9": 0.05607707077264796,
          "s10": 0.024567053514194546,
          "s11": 0.09012775200745508,
          "s12": 0.016175107640543876,
          "s13": 0.0014496961301298445,
          "s14": 0.18657632394984117,
          "s15": 0.08254889412878672,
          "s16": 0.044444436032111186,
          "s17": 0.059315218043201424,
          "s18": 1.0,
          "s19": 1.110283210732301e-16,
          "s20": 0.019340385678685533,
          "s21": 0.019357797261341184
        },
        "std_floored_cols": [
          "s1",
          "s18"
        ]
      },
      "2": {
        "mean": {
          "s1": -0.3912131229660808,
          "s2": -1.1429684213538074,
          "s3": -1.4809022475250289,
          "s4": -1.3001429130800641,
          "s5": -0.2709523799513219,
          "s6": -0.4723005944325899,
          "s7": -0.7323235773069822,
          "s8": -2.1553353229295182,
          "s9": -1.515412156978499,
          "s10": -1.2275129178480457,
          "s11": -1.9074491985966218,
          "s12": -0.7355492647322835,
          "s13": -2.3878496408962735,
          "s14": -2.216089047163331,
          "s15": 2.104167889475171,
          "s16": -0.6942722837020073,
          "s17": -1.4720470849232619,
          "s18": -2.155825344802849,
          "s19": -2.3878533581866885,
          "s20": -0.659617937657747,
          "s21": -0.659399555091222
        },
        "std": {
          "s1": 1.110283770557116e-16,
          "s2": 0.010334428724945242,
          "s3": 0.054801340201364575,
          "s4": 0.0626569093854127,
          "s5": 1.0,
          "s6": 0.0022338532973831975,
          "s7": 0.007081048399493477,
          "s8": 0.0014490813364642244,
          "s9": 0.0394533402695405,
          "s10": 0.014205172107398087,
          "s11": 0.07436280472914741,
          "s12": 0.006921273770943239,
          "s13": 0.001741977345609273,
          "s14": 0.1371188270199274,
          "s15": 0.09709377373468972,
          "s16": 1.0,
          "s17": 0.051593296203675684,
          "s18": 1.0,
          "s19": 1.0,
          "s20": 0.012896974049944226,
          "s21": 0.01282091393513358
        },
        "std_floored_cols": [
          "s5",
          "s16",
          "s18",
          "s19"
        ]
      },
      "3": {
        "mean": {
          "s1": 0.6925022173224848,
          "s2": 0.7473136262815604,
          "s3": 0.6179405130035889,
          "s4": 0.39935048185627575,
          "s5": 0.3639030401361089,
          "s6": 0.37655202838373225,
          "s7": 0.35324772010169647,
          "s8": 0.6557685663545568,
          "s9": 0.6071993675360993,
          "s10": -0.14415027713936393,
          "s11": 0.4521092032958032,
          "s12": 0.35237760191279477,
          "s13": 0.4189206732183458,
          "s14": -0.00979048699831332,