{
  "method": "zscore",
  "fit_split": "train_FD001_kept",
  "input_path_train": "/Users/elifsena/jet-cube-turbofan-mvp/data/processed/CMAPSS_kept/FD001/train_FD001_kept.txt",
  "input_path_test": "/Users/elifsena/jet-cube-turbofan-mvp/data/processed/CMAPSS_kept/FD001/test_FD001_kept.txt",
  "input_path_rul_end": "/Users/elifsena/jet-cube-turbofan-mvp/data/processed/CMAPSS_kept/FD001/RUL_FD001.txt",
  "dropped_zero_variance": [
    "os3"
  ],
  "feature_columns_final": [
    "os1",
    "os2",
    "s2",
    "s3",
    "s4",
    "s7",
    "s8",
    "s9",
    "s11",
    "s12",
    "s13",
    "s14",
    "s15",
    "s17",
    "s20",
    "s21"
  ],
  "mean": {
    "os1": -8.870146866366145e-06,
    "os2": 2.3508312733265463e-06,
    "s2": 642.6809335466046,
    "s3": 1590.5231186079202,
    "s4": 1408.9337816877514,
    "s7": 553.367711211284,
    "s8": 2388.0966516407348,
    "s9": 9065.242940720276,
    "s11": 47.54116814502448,
    "s12": 521.4134700208424,
    "s13": 2388.0961523920314,
    "s14": 8143.752722117203,
    "s15": 8.442145581891328,
    "s17": 393.2106538703892,
    "s20": 38.81627066065629,
    "s21": 23.289705360864716
  },
  "std": {
    "os1": 0.002187313449015146,
    "os2": 0.00029306212456614496,
    "s2": 0.5000532700606232,
    "s3": 6.131149519690819,
    "s4": 9.000604780543714,
    "s7": 0.8850922576634073,
    "s8": 0.07098547889092417,
    "s9": 22.082879525066232,
    "s11": 0.2670873986396848,
    "s12": 0.7375533922097114,
    "s13": 0.07191891569857814,
    "s14": 19.076175975953106,
    "s15": 0.03750503795196652,
    "s17": 1.548763024614299,
    "s20": 0.18074642787366083,
    "s21": 0.10825087474491234
  }
}