dataset_id,dataset_family,model_name,source_type,n_rows,n_engines,mae,rmse,median_abs_error,final_cycle_mae
FD001,C-MAPSS,Committed snapshot,committed_artifact_join,13096,100,10.252071630271095,15.865531146124058,5.333512128736999,13.376255986767378
FD002,C-MAPSS,Committed snapshot,committed_artifact_join,33991,259,10.855105317928862,16.59112442389084,6.124343999999994,12.194814843474903
FD003,C-MAPSS,Committed snapshot,committed_artifact_join,16596,100,7.778347083714763,12.718406802567717,3.5820673770071707,11.704012798353233
FD004,C-MAPSS,Committed snapshot,committed_artifact_join,41214,248,8.753910238492487,14.60984871883794,4.017227656420559,12.08982795446026
