dataset_id,dataset_family,model_name,source_type,n_rows,n_engines,mae,rmse,median_abs_error,final_cycle_mae
DS01,N-CMAPSS,AutoGluon snapshot,local_import_join,341,4,6.558397228152494,9.295503773794236,4.0411496,3.7944631749999997
DS02,N-CMAPSS,AutoGluon snapshot,local_import_join,202,3,7.180705389108911,9.091458197412361,6.251647500000001,1.6161189666666667
DS03,N-CMAPSS,AutoGluon snapshot,local_import_join,438,6,5.221652922251142,6.6136229569785066,4.335654249999999,2.2641800499999998
DS04,N-CMAPSS,AutoGluon snapshot,local_import_join,344,4,7.774085619186045,9.443175908637945,6.744032499999999,12.9703685
DS05,N-CMAPSS,Decision-support v2 export,local_import_join_decision_support,327,4,7.471953726911315,11.214236605488065,3.9988080000000004,1.2222841500000001
DS06,N-CMAPSS,Decision-support v2 export,local_import_join_decision_support,322,4,7.241597981521739,10.02531675320553,4.835615499999999,1.0990234375
DS07,N-CMAPSS,AutoGluon snapshot,local_import_join,344,4,10.498592522674418,14.286144184967055,7.910117,1.720875475
