split,changed_ratio
test,0.36363636363636365
train,0.3707052441229656
