{
  "method": "kmeans_k6_on_global_zscore_os",
  "fit_split": "train_only",
  "k": 6,
  "random_state": 42,
  "clustering_features": [
    "os1",
    "os2",
    "os3"
  ],
  "centroids": [
    [
      1.2208659214612303,
      0.8658548086679261,
      0.4181830856615441
    ],
    [
      -1.6271981394928505,
      -1.8436533596594933,
      0.41818308566153706
    ],
    [
      -0.2709233469142495,
      0.4143619901412142,
      0.4181830856615372
    ],
    [
      0.06812266681117402,
      0.1562678175856401,
      -2.3912526181723015
    ],
    [
      -0.9490119523753582,
      -1.0372410964671428,
      0.4181830856615371
    ],
    [
      0.7462101372776759,
      0.8659044875947444,
      0.41818308566153706
    ]
  ],
  "inertia": 0.23500510674614253,
  "n_iter": 1,
  "train_cluster_counts": {
    "0": 13458,
    "1": 8044,
    "2": 8122,
    "3": 8002,
    "4": 8096,
    "5": 8037
  },
  "test_cluster_counts": {
    "0": 8483,
    "1": 5148,
    "2": 5063,
    "3": 5042,
    "4": 5107,
    "5": 5148
  }
}