{
  "method": "global_zscore",
  "fit_split": "train_FD002_raw",
  "ddof": 1,
  "input_paths": {
    "train": "/Users/elifsena/jet-cube-turbofan-mvp/data/raw/CMAPSSData/train_FD002.txt",
    "test": "/Users/elifsena/jet-cube-turbofan-mvp/data/raw/CMAPSSData/test_FD002.txt",
    "rul_end": "/Users/elifsena/jet-cube-turbofan-mvp/data/raw/CMAPSSData/RUL_FD002.txt"
  },
  "feature_columns": [
    "os1",
    "os2",
    "os3",
    "s1",
    "s2",
    "s3",
    "s4",
    "s5",
    "s6",
    "s7",
    "s8",
    "s9",
    "s10",
    "s11",
    "s12",
    "s13",
    "s14",
    "s15",
    "s16",
    "s17",
    "s18",
    "s19",
    "s20",
    "s21"
  ],
  "zero_variance_columns": [],
  "zero_variance_policy": "keep_column_set_norm_to_0",
  "mean": {
    "os1": 23.998407440614592,
    "os2": 0.5720563533547871,
    "os3": 94.04602020126862,
    "s1": 472.9102070351011,
    "s2": 579.6723994121915,
    "s3": 1419.9710132256928,
    "s4": 1205.4420244052158,
    "s5": 8.031986086050706,
    "s6": 11.600745921613125,
    "s7": 282.60678677058723,
    "s8": 2228.8791876709015,
    "s9": 8525.200837069142,
    "s10": 1.0949615878271544,
    "s11": 42.98517234323555,
    "s12": 266.06903439424093,
    "s13": 2334.557252553061,
    "s14": 8066.59768243457,
    "s15": 9.329653544522778,
    "s16": 0.02332595472386019,
    "s17": 348.30951096560574,
    "s18": 2228.806358005171,
    "s19": 97.75683811082796,
    "s20": 20.78929593184397,
    "s21": 12.473422755259584
  },
  "std": {
    "os1": 14.747376085012888,
    "os2": 0.310015983617551,
    "os3": 14.237734626001536,
    "s1": 26.38970731075918,
    "s2": 37.289399020462405,
    "s3": 105.9463406139554,
    "s4": 119.12342758532441,
    "s5": 3.61383881855097,
    "s6": 5.431801597465489,
    "s7": 146.0053061400599,
    "s8": 145.20981606834985,
    "s9": 335.8120126761641,
    "s10": 0.12746884775626657,
    "s11": 3.2323720587863733,
    "s12": 137.6595069498954,
    "s13": 128.06827104323716,
    "s14": 84.83794969298572,
    "s15": 0.7493354922324891,
    "s16": 0.004711473795965339,
    "s17": 27.754515422961234,
    "s18": 145.32798014258134,
    "s19": 5.364066520346077,
    "s20": 9.869331200699564,
    "s21": 5.921615208351726
  }
}