{
  "method": "zscore",
  "fit_split": "train_FD001_raw",
  "input_paths": {
    "train": "/Users/elifsena/jet-cube-turbofan-mvp/data/raw/CMAPSSData/train_FD001.txt",
    "test": "/Users/elifsena/jet-cube-turbofan-mvp/data/raw/CMAPSSData/test_FD001.txt",
    "rul_end": "/Users/elifsena/jet-cube-turbofan-mvp/data/raw/CMAPSSData/RUL_FD001.txt"
  },
  "feature_columns": [
    "os1",
    "os2",
    "os3",
    "s1",
    "s2",
    "s3",
    "s4",
    "s5",
    "s6",
    "s7",
    "s8",
    "s9",
    "s10",
    "s11",
    "s12",
    "s13",
    "s14",
    "s15",
    "s16",
    "s17",
    "s18",
    "s19",
    "s20",
    "s21"
  ],
  "zero_variance_columns": [
    "os3",
    "s1",
    "s10",
    "s18",
    "s19"
  ],
  "zero_variance_policy": "keep_column_set_norm_to_0",
  "mean": {
    "os1": -8.870146866366145e-06,
    "os2": 2.3508312733265463e-06,
    "os3": 100.0,
    "s1": 518.67,
    "s2": 642.6809335466046,
    "s3": 1590.5231186079202,
    "s4": 1408.9337816877514,
    "s5": 14.620000000000005,
    "s6": 21.609803208763513,
    "s7": 553.367711211284,
    "s8": 2388.0966516407348,
    "s9": 9065.242940720276,
    "s10": 1.3,
    "s11": 47.54116814502448,
    "s12": 521.4134700208424,
    "s13": 2388.0961523920314,
    "s14": 8143.752722117203,
    "s15": 8.442145581891328,
    "s16": 0.030000000000000002,
    "s17": 393.2106538703892,
    "s18": 2388.0,
    "s19": 100.0,
    "s20": 38.81627066065629,
    "s21": 23.289705360864716
  },
  "std": {
    "os1": 0.002187313449015146,
    "os2": 0.00029306212456614496,
    "os3": 0.0,
    "s1": 0.0,
    "s2": 0.5000532700606232,
    "s3": 6.131149519690819,
    "s4": 9.000604780543714,
    "s5": 5.329199674912836e-15,
    "s6": 0.0013889849127073114,
    "s7": 0.8850922576634073,
    "s8": 0.07098547889092417,
    "s9": 22.082879525066232,
    "s10": 0.0,
    "s11": 0.2670873986396848,
    "s12": 0.7375533922097114,
    "s13": 0.07191891569857814,
    "s14": 19.076175975953106,
    "s15": 0.03750503795196652,
    "s16": 3.469531038354711e-18,
    "s17": 1.548763024614299,
    "s18": 0.0,
    "s19": 0.0,
    "s20": 0.18074642787366083,
    "s21": 0.10825087474491234
  }
}