{
  "dataset": "FD004",
  "variant": "full_global_zscore_nodrop",
  "method": "zscore_global",
  "fit_split": "train_only",
  "ddof": 1,
  "feature_columns": [
    "os1",
    "os2",
    "os3",
    "s1",
    "s2",
    "s3",
    "s4",
    "s5",
    "s6",
    "s7",
    "s8",
    "s9",
    "s10",
    "s11",
    "s12",
    "s13",
    "s14",
    "s15",
    "s16",
    "s17",
    "s18",
    "s19",
    "s20",
    "s21"
  ],
  "std_floored_columns": [],
  "mean": {
    "os1": 23.999823342421916,
    "os2": 0.5713468905614786,
    "os3": 94.03157602573103,
    "s1": 472.8824354683341,
    "s2": 579.4200555111105,
    "s3": 1417.896600271025,
    "s4": 1201.9153592711716,
    "s5": 8.031625822462406,
    "s6": 11.589457133994022,
    "s7": 283.32863312054076,
    "s8": 2228.6860337311628,
    "s9": 8524.673301278388,
    "s10": 1.0964450031837254,
    "s11": 42.874529216803545,
    "s12": 266.7356650720828,
    "s13": 2334.4275896749336,
    "s14": 8067.811812111218,
    "s15": 9.285603595160737,
    "s16": 0.02325246126467371,
    "s17": 347.760028735163,
    "s18": 2228.613283482179,
    "s19": 97.75139626769416,
    "s20": 20.864333458505442,
    "s21": 12.51899549380398
  },
  "std": {
    "os1": 14.780721652272517,
    "os2": 0.310703444053627,
    "os3": 14.251953918801044,
    "s1": 26.436831642865926,
    "s2": 37.34264670176504,
    "s3": 106.16759773766968,
    "s4": 119.32759068781478,
    "s5": 3.622872117376346,
    "s6": 5.444016543155824,
    "s7": 146.88020952321904,
    "s8": 145.34824288738034,
    "s9": 336.9275465434419,
    "s10": 0.12768052859258314,
    "s11": 3.24349153498898,
    "s12": 138.4791091630693,
    "s13": 128.19785924922147,
    "s14": 85.67054344902142,
    "s15": 0.7503736864794557,
    "s16": 0.0046847056133810985,
    "s17": 27.808283453502003,
    "s18": 145.47249119146952,
    "s19": 5.369423638908292,
    "s20": 9.936396142937777,
    "s21": 5.962697250948247
  }
}