{
  "all_rows": {
    "lgbm": {
      "n_rows": 13096,
      "rmse": 16.16178853517503,
      "mse": 261.20340865571507,
      "mae": 10.415225627918414,
      "r2": 0.6565880850267938,
      "phm08_rul_score": 123613.64668017902
    },
    "catboost": {
      "n_rows": 13096,
      "rmse": 15.879777857987964,
      "mse": 252.1673448190448,
      "mae": 10.156242625431078,
      "r2": 0.6684680677649256,
      "phm08_rul_score": 113795.63930342683
    },
    "ensemble": {
      "n_rows": 13096,
      "rmse": 15.865531146124058,
      "mse": 251.71507854863253,
      "mae": 10.252071630271095,
      "r2": 0.6690626757250567,
      "phm08_rul_score": 111301.95715732765
    },
    "feature_columns": [
      "cycle",
      "os1",
      "os2",
      "os3",
      "s1",
      "s2",
      "s3",
      "s4",
      "s5",
      "s6",
      "s7",
      "s8",
      "s9",
      "s10",
      "s11",
      "s12",
      "s13",
      "s14",
      "s15",
      "s16",
      "s17",
      "s18",
      "s19",
      "s20",
      "s21"
    ],
    "ensemble_method": "stacking",
    "weights": null,
    "stacking_meta": {
      "meta_model": "Ridge",
      "ridge_alpha": 1.0,
      "coef": [
        0.2268327403419478,
        0.7586414898702171
      ],
      "intercept": 1.3064803275839694,
      "feature_order": [
        "pred_lgbm",
        "pred_catboost"
      ],
      "stacking_folds": 5,
      "cv": "GroupKFold(engine_id)"
    },
    "cap_rul": 125.0,
    "seed": 42
  },
  "last_cycle": {
    "lgbm": {
      "n_rows": 100,
      "rmse": 17.582967271112157,
      "mse": 309.1607380570013,
      "mae": 12.963133730823131,
      "r2": 0.8074805436581777,
      "phm08_rul_score": 801.5309243411567
    },
    "catboost": {
      "n_rows": 100,
      "rmse": 18.31431890384732,
      "mse": 335.41427691181923,
      "mae": 13.580592060892247,
      "r2": 0.7911320349208019,
      "phm08_rul_score": 898.0578314235092
    },
    "ensemble": {
      "n_rows": 100,
      "rmse": 17.991632936558023,
      "mse": 323.6988557238394,
      "mae": 13.376255986767378,
      "r2": 0.7984274196197136,
      "phm08_rul_score": 840.0437649017772
    }
  }
}