{
  "dataset": "FD003",
  "variant": "full_global_zscore_nodrop",
  "method": "zscore_global",
  "fit_split": "train_only",
  "ddof": 1,
  "feature_columns": [
    "os1",
    "os2",
    "os3",
    "s1",
    "s2",
    "s3",
    "s4",
    "s5",
    "s6",
    "s7",
    "s8",
    "s9",
    "s10",
    "s11",
    "s12",
    "s13",
    "s14",
    "s15",
    "s16",
    "s17",
    "s18",
    "s19",
    "s20",
    "s21"
  ],
  "std_floored_columns": [
    "os3",
    "s1",
    "s18",
    "s19"
  ],
  "mean": {
    "os1": -2.374190938511327e-05,
    "os2": 5.068770226537215e-06,
    "os3": 100.0,
    "s1": 518.67,
    "s2": 642.4578580097087,
    "s3": 1588.0791751618121,
    "s4": 1404.4712123786408,
    "s5": 14.620000000000003,
    "s6": 21.595841019417477,
    "s7": 555.1438078478965,
    "s8": 2388.0715546116508,
    "s9": 9064.110809061489,
    "s10": 1.3012317961165052,
    "s11": 47.415706715210355,
    "s12": 523.0508725728155,
    "s13": 2388.0716432038835,
    "s14": 8144.202916262136,
    "s15": 8.396175784789644,
    "s16": 0.030000000000000016,
    "s17": 392.5665453074434,
    "s18": 2388.0,
    "s19": 100.0,
    "s20": 38.98855177993528,
    "s21": 23.393024037216826
  },
  "std": {
    "os1": 0.0021935445845264385,
    "os2": 0.00029404288705904455,
    "os3": 1.0,
    "s1": 1.0,
    "s2": 0.5230311380083125,
    "s3": 6.810418054769426,
    "s4": 9.773178327387521,
    "s5": 3.55278554007621e-15,
    "s6": 0.018116000048510272,
    "s7": 3.4373428742748646,
    "s8": 0.1582849283520036,
    "s9": 19.980294309113177,
    "s10": 0.0034848490401647348,
    "s11": 0.30007416142325294,
    "s12": 3.2553139774429254,
    "s13": 0.15812066988897275,
    "s14": 16.504117682690822,
    "s15": 0.06051161367848584,
    "s16": 1.7347585644903372e-17,
    "s17": 1.7614585070963218,
    "s18": 1.0,
    "s19": 1.0,
    "s20": 0.2488646946032721,
    "s21": 0.1492337880155161
  }
}